Type,Name,Request Count,Failure Count,Median Response Time,Average Response Time,Min Response Time,Max Response Time,Average Content Size,Requests/s,Failures/s,50%,66%,75%,80%,90%,95%,98%,99%,99.9%,99.99%,100%
GET,/2025/10/20/imagem-de-1mb/,3302,0,38,38.31955553152009,16.58789499924751,93.63193700119155,30287.0,31.532636579347688,0.0,38,44,47,48,53,59,66,71,85,94,94
,Aggregated,3302,0,38,38.31955553152009,16.58789499924751,93.63193700119155,30287.0,31.532636579347688,0.0,38,44,47,48,53,59,66,71,85,94,94
