Type,Name,Request Count,Failure Count,Median Response Time,Average Response Time,Min Response Time,Max Response Time,Average Content Size,Requests/s,Failures/s,50%,66%,75%,80%,90%,95%,98%,99%,99.9%,99.99%,100%
GET,/wp-content/uploads/2025/10/foto-um-mega.jpg,100,0,11,187.87609275999785,8.211353999740822,3143.3302280001953,1046550.0,9.945959225234157,0.0,12,12,13,13,370,1900,2800,3100,3100,3100,3100
,Aggregated,100,0,11,187.87609275999785,8.211353999740822,3143.3302280001953,1046550.0,9.945959225234157,0.0,12,12,13,13,370,1900,2800,3100,3100,3100,3100
