Type,Name,Request Count,Failure Count,Median Response Time,Average Response Time,Min Response Time,Max Response Time,Average Content Size,Requests/s,Failures/s,50%,66%,75%,80%,90%,95%,98%,99%,99.9%,99.99%,100%
GET,/2025/10/20/imagem-de-1mb/,800,0,48,45.274075888728476,19.21139700425556,98.67937600211008,30316.0,9.891021792449092,0.0,48,50,51,52,55,62,72,75,99,99,99
,Aggregated,800,0,48,45.274075888728476,19.21139700425556,98.67937600211008,30316.0,9.891021792449092,0.0,48,50,51,52,55,62,72,75,99,99,99
