Type,Name,Request Count,Failure Count,Median Response Time,Average Response Time,Min Response Time,Max Response Time,Average Content Size,Requests/s,Failures/s,50%,66%,75%,80%,90%,95%,98%,99%,99.9%,99.99%,100%
GET,/2025/10/20/imagem-de-1mb/,400,0,47,43.78317556747788,19.494031999784056,95.79649599618278,30316.0,9.898708843721378,0.0,47,49,50,50,52,58,64,77,96,96,96
,Aggregated,400,0,47,43.78317556747788,19.494031999784056,95.79649599618278,30316.0,9.898708843721378,0.0,47,49,50,50,52,58,64,77,96,96,96
