Type,Name,Request Count,Failure Count,Median Response Time,Average Response Time,Min Response Time,Max Response Time,Average Content Size,Requests/s,Failures/s,50%,66%,75%,80%,90%,95%,98%,99%,99.9%,99.99%,100%
GET,/wp-content/uploads/2025/10/foto-um-mega.jpg,100,0,12,12.002492339975106,6.2661979995937145,23.137571000006574,1046550.0,9.95351542105219,0.0,12,12,13,13,15,17,21,23,23,23,23
,Aggregated,100,0,12,12.002492339975106,6.2661979995937145,23.137571000006574,1046550.0,9.95351542105219,0.0,12,12,13,13,15,17,21,23,23,23,23
