Type,Name,Request Count,Failure Count,Median Response Time,Average Response Time,Min Response Time,Max Response Time,Average Content Size,Requests/s,Failures/s,50%,66%,75%,80%,90%,95%,98%,99%,99.9%,99.99%,100%
GET,/2025/10/20/imagem-de-1mb/,800,0,47,44.21361810738745,21.671705995686352,104.64412200235529,30316.0,9.89468404224811,0.0,47,49,50,51,53,57,68,79,100,100,100
,Aggregated,800,0,47,44.21361810738745,21.671705995686352,104.64412200235529,30316.0,9.89468404224811,0.0,47,49,50,51,53,57,68,79,100,100,100
