Type,Name,Request Count,Failure Count,Median Response Time,Average Response Time,Min Response Time,Max Response Time,Average Content Size,Requests/s,Failures/s,50%,66%,75%,80%,90%,95%,98%,99%,99.9%,99.99%,100%
GET,/wp-content/uploads/2025/10/foto-um-mega.jpg,400,0,11,11.943923010002209,6.378883999786922,45.14239099989936,1046550.0,9.884346329792152,0.0,11,12,12,13,15,18,23,41,45,45,45
,Aggregated,400,0,11,11.943923010002209,6.378883999786922,45.14239099989936,1046550.0,9.884346329792152,0.0,11,12,12,13,15,18,23,41,45,45,45
