Type,Name,Request Count,Failure Count,Median Response Time,Average Response Time,Min Response Time,Max Response Time,Average Content Size,Requests/s,Failures/s,50%,66%,75%,80%,90%,95%,98%,99%,99.9%,99.99%,100%
GET,/2025/10/20/imagem-de-1mb/,3312,0,37,37.94241628834804,16.638069000691758,106.6092490000301,30287.0,31.89144541482367,0.0,37,43,46,48,54,62,69,74,91,110,110
,Aggregated,3312,0,37,37.94241628834804,16.638069000691758,106.6092490000301,30287.0,31.89144541482367,0.0,37,43,46,48,54,62,69,74,91,110,110
