Type,Name,Request Count,Failure Count,Median Response Time,Average Response Time,Min Response Time,Max Response Time,Average Content Size,Requests/s,Failures/s,50%,66%,75%,80%,90%,95%,98%,99%,99.9%,99.99%,100%
GET,/2025/10/20/imagem-de-1mb/,400,0,48,45.0404845675439,22.771930001908913,90.90471499803243,30316.0,9.894531677622108,0.0,48,50,51,51,53,57,68,73,91,91,91
,Aggregated,400,0,48,45.0404845675439,22.771930001908913,90.90471499803243,30316.0,9.894531677622108,0.0,48,50,51,51,53,57,68,73,91,91,91
