Type,Name,Request Count,Failure Count,Median Response Time,Average Response Time,Min Response Time,Max Response Time,Average Content Size,Requests/s,Failures/s,50%,66%,75%,80%,90%,95%,98%,99%,99.9%,99.99%,100%
GET,/2025/10/20/imagem-de-1mb/,3657,0,36,37.38138103554406,16.25691499975801,100.99223799988977,30287.0,31.898200464499823,0.0,36,42,46,48,53,61,70,76,93,100,100
,Aggregated,3657,0,36,37.38138103554406,16.25691499975801,100.99223799988977,30287.0,31.898200464499823,0.0,36,42,46,48,53,61,70,76,93,100,100
