Type,Name,Request Count,Failure Count,Median Response Time,Average Response Time,Min Response Time,Max Response Time,Average Content Size,Requests/s,Failures/s,50%,66%,75%,80%,90%,95%,98%,99%,99.9%,99.99%,100%
GET,/2025/10/20/texto-de-400kb/,3341,0,65,66.93954137082874,29.167953000069247,132.0680450007785,447311.0,31.7623784171592,0.0,65,73,80,83,94,100,110,120,130,130,130
,Aggregated,3341,0,65,66.93954137082874,29.167953000069247,132.0680450007785,447311.0,31.7623784171592,0.0,65,73,80,83,94,100,110,120,130,130,130
