Type,Name,Request Count,Failure Count,Median Response Time,Average Response Time,Min Response Time,Max Response Time,Average Content Size,Requests/s,Failures/s,50%,66%,75%,80%,90%,95%,98%,99%,99.9%,99.99%,100%
GET,/2025/10/20/texto-de-400kb/,3256,0,40,43.655182466503234,23.264571000254364,102.60446699976455,447311.0,31.64953835763808,0.0,40,48,52,55,62,69,80,84,96,100,100
,Aggregated,3256,0,40,43.655182466503234,23.264571000254364,102.60446699976455,447311.0,31.64953835763808,0.0,40,48,52,55,62,69,80,84,96,100,100
