Type,Name,Request Count,Failure Count,Median Response Time,Average Response Time,Min Response Time,Max Response Time,Average Content Size,Requests/s,Failures/s,50%,66%,75%,80%,90%,95%,98%,99%,99.9%,99.99%,100%
GET,/2025/10/20/texto-de-400kb/,3363,0,64,66.81237763602844,28.64018800028134,140.1381619998574,447311.0,31.78419941692016,0.0,64,73,80,84,96,100,110,120,130,140,140
,Aggregated,3363,0,64,66.81237763602844,28.64018800028134,140.1381619998574,447311.0,31.78419941692016,0.0,64,73,80,84,96,100,110,120,130,140,140
