Type,Name,Request Count,Failure Count,Median Response Time,Average Response Time,Min Response Time,Max Response Time,Average Content Size,Requests/s,Failures/s,50%,66%,75%,80%,90%,95%,98%,99%,99.9%,99.99%,100%
GET,/wp-content/uploads/2025/10/300kb-img.jpg,400,0,7,29.405405277509544,2.424704000077327,3078.6408710000615,306824.0,9.906115712180295,0.0,7,7,8,8,8,10,11,12,3100,3100,3100
,Aggregated,400,0,7,29.405405277509544,2.424704000077327,3078.6408710000615,306824.0,9.906115712180295,0.0,7,7,8,8,8,10,11,12,3100,3100,3100
