Type,Name,Request Count,Failure Count,Median Response Time,Average Response Time,Min Response Time,Max Response Time,Average Content Size,Requests/s,Failures/s,50%,66%,75%,80%,90%,95%,98%,99%,99.9%,99.99%,100%
GET,/2025/10/20/imagem-de-300kb/,400,0,55,56.64990961250017,28.302659000019048,106.85922400000436,29945.0,9.893708662991852,0.0,55,59,63,65,71,77,85,92,110,110,110
,Aggregated,400,0,55,56.64990961250017,28.302659000019048,106.85922400000436,29945.0,9.893708662991852,0.0,55,59,63,65,71,77,85,92,110,110,110
