Type,Name,Request Count,Failure Count,Median Response Time,Average Response Time,Min Response Time,Max Response Time,Average Content Size,Requests/s,Failures/s,50%,66%,75%,80%,90%,95%,98%,99%,99.9%,99.99%,100%
GET,/2025/10/20/imagem-de-300kb/,3424,0,57,57.90740921990026,20.139935999395675,109.03929400046763,29945.0,32.07729963261229,0.0,57,65,70,73,80,86,92,95,100,110,110
,Aggregated,3424,0,57,57.90740921990026,20.139935999395675,109.03929400046763,29945.0,32.07729963261229,0.0,57,65,70,73,80,86,92,95,100,110,110
