Type,Name,Request Count,Failure Count,Median Response Time,Average Response Time,Min Response Time,Max Response Time,Average Content Size,Requests/s,Failures/s,50%,66%,75%,80%,90%,95%,98%,99%,99.9%,99.99%,100%
GET,/2025/10/20/imagem-de-300kb/,100,0,60,171.01537091999936,24.83982799999751,1635.8719680000036,29945.0,9.9061967224769,0.0,60,67,73,81,590,1100,1400,1600,1600,1600,1600
,Aggregated,100,0,60,171.01537091999936,24.83982799999751,1635.8719680000036,29945.0,9.9061967224769,0.0,60,67,73,81,590,1100,1400,1600,1600,1600,1600
