Type,Name,Request Count,Failure Count,Median Response Time,Average Response Time,Min Response Time,Max Response Time,Average Content Size,Requests/s,Failures/s,50%,66%,75%,80%,90%,95%,98%,99%,99.9%,99.99%,100%
GET,/wp-content/uploads/2025/10/300kb-img.jpg,800,0,7,7.200716561241052,2.9273480004121666,16.42498700039141,306824.0,9.883984885079638,0.0,7,8,8,8,9,9,12,13,16,16,16
,Aggregated,800,0,7,7.200716561241052,2.9273480004121666,16.42498700039141,306824.0,9.883984885079638,0.0,7,8,8,8,9,9,12,13,16,16,16
