Type,Name,Request Count,Failure Count,Median Response Time,Average Response Time,Min Response Time,Max Response Time,Average Content Size,Requests/s,Failures/s,50%,66%,75%,80%,90%,95%,98%,99%,99.9%,99.99%,100%
GET,/2025/10/20/imagem-de-300kb/,3421,0,55,57.05630731626965,21.699663000617875,114.02890299905266,29945.0,31.964265960540146,0.0,55,63,69,72,80,87,92,96,110,110,110
,Aggregated,3421,0,55,57.05630731626965,21.699663000617875,114.02890299905266,29945.0,31.964265960540146,0.0,55,63,69,72,80,87,92,96,110,110,110
