Type,Name,Request Count,Failure Count,Median Response Time,Average Response Time,Min Response Time,Max Response Time,Average Content Size,Requests/s,Failures/s,50%,66%,75%,80%,90%,95%,98%,99%,99.9%,99.99%,100%
GET,/wp-content/uploads/2025/10/300kb-img.jpg,100,0,7,7.545766469929731,3.7054660006106133,29.638129999511875,306824.0,9.956066167198278,0.0,7,8,8,8,8,9,12,30,30,30,30
,Aggregated,100,0,7,7.545766469929731,3.7054660006106133,29.638129999511875,306824.0,9.956066167198278,0.0,7,8,8,8,8,9,12,30,30,30,30
