Type,Name,Request Count,Failure Count,Median Response Time,Average Response Time,Min Response Time,Max Response Time,Average Content Size,Requests/s,Failures/s,50%,66%,75%,80%,90%,95%,98%,99%,99.9%,99.99%,100%
GET,/2025/10/20/imagem-de-300kb/,400,0,54,54.78730294500194,28.78849600006106,97.93190800007778,29945.0,9.88498280926581,0.0,54,56,58,59,68,72,79,89,98,98,98
,Aggregated,400,0,54,54.78730294500194,28.78849600006106,97.93190800007778,29945.0,9.88498280926581,0.0,54,56,58,59,68,72,79,89,98,98,98
