Type,Name,Request Count,Failure Count,Median Response Time,Average Response Time,Min Response Time,Max Response Time,Average Content Size,Requests/s,Failures/s,50%,66%,75%,80%,90%,95%,98%,99%,99.9%,99.99%,100%
GET,/wp-content/uploads/2025/10/300kb-img.jpg,100,0,7,37.6108118099728,2.83589100035897,3066.7777300004673,306824.0,9.955512244594287,0.0,7,8,8,8,8,9,13,3100,3100,3100,3100
,Aggregated,100,0,7,37.6108118099728,2.83589100035897,3066.7777300004673,306824.0,9.955512244594287,0.0,7,8,8,8,8,9,13,3100,3100,3100,3100
