Type,Name,Request Count,Failure Count,Median Response Time,Average Response Time,Min Response Time,Max Response Time,Average Content Size,Requests/s,Failures/s,50%,66%,75%,80%,90%,95%,98%,99%,99.9%,99.99%,100%
GET,/2025/10/20/imagem-de-300kb/,3363,0,57,57.77787994442734,22.022221000952413,122.96091600001091,29945.0,31.833032170665284,0.0,57,64,69,72,79,85,91,95,110,120,120
,Aggregated,3363,0,57,57.77787994442734,22.022221000952413,122.96091600001091,29945.0,31.833032170665284,0.0,57,64,69,72,79,85,91,95,110,120,120
