Type,Name,Request Count,Failure Count,Median Response Time,Average Response Time,Min Response Time,Max Response Time,Average Content Size,Requests/s,Failures/s,50%,66%,75%,80%,90%,95%,98%,99%,99.9%,99.99%,100%
GET,/wp-content/uploads/2025/10/300kb-img.jpg,800,0,7,29.41139333122237,2.3478839993913425,3082.9350980002346,306824.0,9.888673460198659,0.0,7,7,7,8,8,9,11,18,3100,3100,3100
,Aggregated,800,0,7,29.41139333122237,2.3478839993913425,3082.9350980002346,306824.0,9.888673460198659,0.0,7,7,7,8,8,9,11,18,3100,3100,3100
