Type,Name,Request Count,Failure Count,Median Response Time,Average Response Time,Min Response Time,Max Response Time,Average Content Size,Requests/s,Failures/s,50%,66%,75%,80%,90%,95%,98%,99%,99.9%,99.99%,100%
GET,/2025/10/20/imagem-de-300kb/,800,0,55,56.41394796750108,27.393026999988024,112.8428640000152,29945.0,9.877522418396124,0.0,55,58,61,63,69,79,92,98,110,110,110
,Aggregated,800,0,55,56.41394796750108,27.393026999988024,112.8428640000152,29945.0,9.877522418396124,0.0,55,58,61,63,69,79,92,98,110,110,110
